COMPANY CODE,BISNIS AREA,AFD,LONGITUDE,LATITUDE,DATE,TIME,WX,TEMPERATURE,WIND SPEED,WIND DIRECTION
BMO2,7WEST-BMO2,7WEST-BMO2,117.343,1.977,16/1/2024,8:00 AM,berawan,24,7,TL
BMO2,7WEST-BMO2,7WEST-BMO2,117.343,1.977,16/1/2024,11:00 AM,hujan ringan,0,0,0
BMO2,7WEST-BMO2,7WEST-BMO2,117.343,1.977,16/1/2024,2:00 PM,hujan ringan,0,0,0
BMO2,7WEST-BMO2,7WEST-BMO2,117.343,1.977,16/1/2024,5:00 PM,berawan,0,0,0
BMO2,7WEST-BMO2,7WEST-BMO2,117.343,1.977,16/1/2024,8:00 PM,berawan,29,0,0
BMO2,7WEST-BMO2,7WEST-BMO2,117.343,1.977,16/1/2024,11:00 PM,hujan ringan,0,0,0
BMO2,7WEST-BMO2,7WEST-BMO2,117.343,1.977,17/1/2024,2:00 AM,hujan ringan,0,0,0
BMO2,7WEST-BMO2,7WEST-BMO2,117.343,1.977,17/1/2024,5:00 AM,berawan,0,0,0
BMO2,7WEST-BMO2,7WEST-BMO2,117.343,1.977,17/1/2024,8:00 AM,berawan,24,8,U
BMO2,7WEST-BMO2,7WEST-BMO2,117.343,1.977,17/1/2024,11:00 AM,berawan,0,0,0
BMO2,7WEST-BMO2,7WEST-BMO2,117.343,1.977,17/1/2024,2:00 PM,berawan,0,0,0
BMO2,7WEST-BMO2,7WEST-BMO2,117.343,1.977,17/1/2024,5:00 PM,berawan,0,0,0
BMO2,7WEST-BMO2,7WEST-BMO2,117.343,1.977,17/1/2024,8:00 PM,berawan,29,0,0
BMO2,7WEST-BMO2,7WEST-BMO2,117.343,1.977,17/1/2024,11:00 PM,berawan,0,0,0
BMO2,7WEST-BMO2,7WEST-BMO2,117.343,1.977,18/1/2024,2:00 AM,berawan,0,0,0
BMO2,7WEST-BMO2,7WEST-BMO2,117.343,1.977,18/1/2024,5:00 AM,cerah berawan,0,0,0
BMO2,7WEST-BMO2,7WEST-BMO2,117.343,1.977,18/1/2024,8:00 AM,cerah berawan,23,10,U
BMO2,7WEST-BMO2,7WEST-BMO2,117.343,1.977,18/1/2024,11:00 AM,berawan,0,0,0
BMO2,7WEST-BMO2,7WEST-BMO2,117.343,1.977,18/1/2024,2:00 PM,berawan,0,0,0
BMO2,7WEST-BMO2,7WEST-BMO2,117.343,1.977,18/1/2024,5:00 PM,cerah berawan,0,0,0
BMO2,7WEST-BMO2,7WEST-BMO2,117.343,1.977,18/1/2024,8:00 PM,cerah berawan,31,0,0
BMO2,7WEST-BMO2,7WEST-BMO2,117.343,1.977,18/1/2024,11:00 PM,cerah berawan,0,0,0
BMO2,7WEST-BMO2,7WEST-BMO2,117.343,1.977,19/1/2024,2:00 AM,hujan ringan,0,0,0
BMO2,7WEST-BMO2,7WEST-BMO2,117.343,1.977,19/1/2024,5:00 AM,hujan ringan,0,0,0
BMO2,7WEST-BMO2,7WEST-BMO2,117.343,1.977,19/1/2024,8:00 AM,berawan,24,8,TG
BMO2,7WEST-BMO2,7WEST-BMO2,117.343,1.977,19/1/2024,11:00 AM,berawan,0,0,0
BMO2,7WEST-BMO2,7WEST-BMO2,117.343,1.977,19/1/2024,2:00 PM,hujan ringan,0,0,0
BMO2,7WEST-BMO2,7WEST-BMO2,117.343,1.977,19/1/2024,5:00 PM,berawan,0,0,0
BMO2,7WEST-BMO2,7WEST-BMO2,117.343,1.977,19/1/2024,8:00 PM,berawan,29,0,0
BMO2,7WEST-BMO2,7WEST-BMO2,117.343,1.977,19/1/2024,11:00 PM,berawan,0,0,0
BMO2,7WEST-BMO2,7WEST-BMO2,117.343,1.977,20/1/2024,2:00 AM,berawan,0,0,0
BMO2,7WEST-BMO2,7WEST-BMO2,117.343,1.977,20/1/2024,5:00 AM,berawan,0,0,0
BMO2,7WEST-BMO2,7WEST-BMO2,117.343,1.977,20/1/2024,8:00 AM,hujan ringan,24,6,S
BMO2,7WEST-BMO2,7WEST-BMO2,117.343,1.977,20/1/2024,11:00 AM,berawan,0,0,0
BMO2,7WEST-BMO2,7WEST-BMO2,117.343,1.977,20/1/2024,2:00 PM,hujan ringan,0,0,0
BMO2,7WEST-BMO2,7WEST-BMO2,117.343,1.977,20/1/2024,5:00 PM,berawan,0,0,0
BMO2,7WEST-BMO2,7WEST-BMO2,117.343,1.977,20/1/2024,8:00 PM,berawan,29,0,0
BMO2,7WEST-BMO2,7WEST-BMO2,117.343,1.977,20/1/2024,11:00 PM,berawan,0,0,0
BMO2,7WEST-BMO2,7WEST-BMO2,117.343,1.977,21/1/2024,2:00 AM,berawan,0,0,0
BMO2,7WEST-BMO2,7WEST-BMO2,117.343,1.977,21/1/2024,5:00 AM,berawan,0,0,0
BMO2,7WEST-BMO2,7WEST-BMO2,117.343,1.977,21/1/2024,8:00 AM,berawan,24,8,T
BMO2,7WEST-BMO2,7WEST-BMO2,117.343,1.977,21/1/2024,11:00 AM,hujan ringan,0,0,0
BMO2,7WEST-BMO2,7WEST-BMO2,117.343,1.977,21/1/2024,2:00 PM,cerah berawan,0,0,0
BMO2,7WEST-BMO2,7WEST-BMO2,117.343,1.977,21/1/2024,5:00 PM,hujan ringan,0,0,0
BMO2,7WEST-BMO2,7WEST-BMO2,117.343,1.977,21/1/2024,8:00 PM,berawan,29,0,0
BMO2,7WEST-BMO2,7WEST-BMO2,117.343,1.977,21/1/2024,11:00 PM,berawan,0,0,0
BMO2,7WEST-BMO2,7WEST-BMO2,117.343,1.977,22/1/2024,2:00 AM,cerah berawan,0,0,0
BMO2,7WEST-BMO2,7WEST-BMO2,117.343,1.977,22/1/2024,5:00 AM,berawan,0,0,0
BMO2,7WEST-BMO2,7WEST-BMO2,117.343,1.977,22/1/2024,8:00 AM,cerah berawan,24,8,U
BMO2,7WEST-BMO2,7WEST-BMO2,117.343,1.977,22/1/2024,11:00 AM,cerah berawan,0,0,0
BMO2,7WEST-BMO2,7WEST-BMO2,117.343,1.977,22/1/2024,2:00 PM,cerah berawan,0,0,0
BMO2,7WEST-BMO2,7WEST-BMO2,117.343,1.977,22/1/2024,5:00 PM,hujan ringan,0,0,0
BMO2,7WEST-BMO2,7WEST-BMO2,117.343,1.977,22/1/2024,8:00 PM,berawan,31,0,0
BMO2,7WEST-BMO2,7WEST-BMO2,117.343,1.977,22/1/2024,11:00 PM,berawan,0,0,0
BMO2,E-BMO2,E-BMO2,117.388,1.995,16/1/2024,8:00 AM,berawan,24,7,TL
BMO2,E-BMO2,E-BMO2,117.388,1.995,16/1/2024,11:00 AM,hujan ringan,0,0,0
BMO2,E-BMO2,E-BMO2,117.388,1.995,16/1/2024,2:00 PM,hujan ringan,0,0,0
BMO2,E-BMO2,E-BMO2,117.388,1.995,16/1/2024,5:00 PM,berawan,0,0,0
BMO2,E-BMO2,E-BMO2,117.388,1.995,16/1/2024,8:00 PM,berawan,29,0,0
BMO2,E-BMO2,E-BMO2,117.388,1.995,16/1/2024,11:00 PM,hujan ringan,0,0,0
BMO2,E-BMO2,E-BMO2,117.388,1.995,17/1/2024,2:00 AM,hujan ringan,0,0,0
BMO2,E-BMO2,E-BMO2,117.388,1.995,17/1/2024,5:00 AM,berawan,0,0,0
BMO2,E-BMO2,E-BMO2,117.388,1.995,17/1/2024,8:00 AM,berawan,24,8,U
BMO2,E-BMO2,E-BMO2,117.388,1.995,17/1/2024,11:00 AM,berawan,0,0,0
BMO2,E-BMO2,E-BMO2,117.388,1.995,17/1/2024,2:00 PM,berawan,0,0,0
BMO2,E-BMO2,E-BMO2,117.388,1.995,17/1/2024,5:00 PM,berawan,0,0,0
BMO2,E-BMO2,E-BMO2,117.388,1.995,17/1/2024,8:00 PM,berawan,29,0,0
BMO2,E-BMO2,E-BMO2,117.388,1.995,17/1/2024,11:00 PM,berawan,0,0,0
BMO2,E-BMO2,E-BMO2,117.388,1.995,18/1/2024,2:00 AM,berawan,0,0,0
BMO2,E-BMO2,E-BMO2,117.388,1.995,18/1/2024,5:00 AM,cerah berawan,0,0,0
BMO2,E-BMO2,E-BMO2,117.388,1.995,18/1/2024,8:00 AM,cerah berawan,23,10,U
BMO2,E-BMO2,E-BMO2,117.388,1.995,18/1/2024,11:00 AM,berawan,0,0,0
BMO2,E-BMO2,E-BMO2,117.388,1.995,18/1/2024,2:00 PM,berawan,0,0,0
BMO2,E-BMO2,E-BMO2,117.388,1.995,18/1/2024,5:00 PM,cerah berawan,0,0,0
BMO2,E-BMO2,E-BMO2,117.388,1.995,18/1/2024,8:00 PM,cerah berawan,31,0,0
BMO2,E-BMO2,E-BMO2,117.388,1.995,18/1/2024,11:00 PM,cerah berawan,0,0,0
BMO2,E-BMO2,E-BMO2,117.388,1.995,19/1/2024,2:00 AM,hujan ringan,0,0,0
BMO2,E-BMO2,E-BMO2,117.388,1.995,19/1/2024,5:00 AM,hujan ringan,0,0,0
BMO2,E-BMO2,E-BMO2,117.388,1.995,19/1/2024,8:00 AM,berawan,24,8,TG
BMO2,E-BMO2,E-BMO2,117.388,1.995,19/1/2024,11:00 AM,berawan,0,0,0
BMO2,E-BMO2,E-BMO2,117.388,1.995,19/1/2024,2:00 PM,hujan ringan,0,0,0
BMO2,E-BMO2,E-BMO2,117.388,1.995,19/1/2024,5:00 PM,berawan,0,0,0
BMO2,E-BMO2,E-BMO2,117.388,1.995,19/1/2024,8:00 PM,berawan,29,0,0
BMO2,E-BMO2,E-BMO2,117.388,1.995,19/1/2024,11:00 PM,berawan,0,0,0
BMO2,E-BMO2,E-BMO2,117.388,1.995,20/1/2024,2:00 AM,berawan,0,0,0
BMO2,E-BMO2,E-BMO2,117.388,1.995,20/1/2024,5:00 AM,berawan,0,0,0
BMO2,E-BMO2,E-BMO2,117.388,1.995,20/1/2024,8:00 AM,hujan ringan,24,6,S
BMO2,E-BMO2,E-BMO2,117.388,1.995,20/1/2024,11:00 AM,berawan,0,0,0
BMO2,E-BMO2,E-BMO2,117.388,1.995,20/1/2024,2:00 PM,hujan ringan,0,0,0
BMO2,E-BMO2,E-BMO2,117.388,1.995,20/1/2024,5:00 PM,berawan,0,0,0
BMO2,E-BMO2,E-BMO2,117.388,1.995,20/1/2024,8:00 PM,berawan,29,0,0
BMO2,E-BMO2,E-BMO2,117.388,1.995,20/1/2024,11:00 PM,berawan,0,0,0
BMO2,E-BMO2,E-BMO2,117.388,1.995,21/1/2024,2:00 AM,berawan,0,0,0
BMO2,E-BMO2,E-BMO2,117.388,1.995,21/1/2024,5:00 AM,berawan,0,0,0
BMO2,E-BMO2,E-BMO2,117.388,1.995,21/1/2024,8:00 AM,berawan,24,8,T
BMO2,E-BMO2,E-BMO2,117.388,1.995,21/1/2024,11:00 AM,hujan ringan,0,0,0
BMO2,E-BMO2,E-BMO2,117.388,1.995,21/1/2024,2:00 PM,cerah berawan,0,0,0
BMO2,E-BMO2,E-BMO2,117.388,1.995,21/1/2024,5:00 PM,hujan ringan,0,0,0
BMO2,E-BMO2,E-BMO2,117.388,1.995,21/1/2024,8:00 PM,berawan,29,0,0
BMO2,E-BMO2,E-BMO2,117.388,1.995,21/1/2024,11:00 PM,berawan,0,0,0
BMO2,E-BMO2,E-BMO2,117.388,1.995,22/1/2024,2:00 AM,cerah berawan,0,0,0
BMO2,E-BMO2,E-BMO2,117.388,1.995,22/1/2024,5:00 AM,berawan,0,0,0
BMO2,E-BMO2,E-BMO2,117.388,1.995,22/1/2024,8:00 AM,cerah berawan,24,8,U
BMO2,E-BMO2,E-BMO2,117.388,1.995,22/1/2024,11:00 AM,cerah berawan,0,0,0
BMO2,E-BMO2,E-BMO2,117.388,1.995,22/1/2024,2:00 PM,cerah berawan,0,0,0
BMO2,E-BMO2,E-BMO2,117.388,1.995,22/1/2024,5:00 PM,hujan ringan,0,0,0
BMO2,E-BMO2,E-BMO2,117.388,1.995,22/1/2024,8:00 PM,berawan,31,0,0
BMO2,E-BMO2,E-BMO2,117.388,1.995,22/1/2024,11:00 PM,berawan,0,0,0
SMO,B1-SMO,B1-SMO,117.448,2.179,16/1/2024,8:00 AM,berawan,25,6,U
SMO,B1-SMO,B1-SMO,117.448,2.179,16/1/2024,11:00 AM,hujan ringan,0,0,0
SMO,B1-SMO,B1-SMO,117.448,2.179,16/1/2024,2:00 PM,hujan ringan,0,0,0
SMO,B1-SMO,B1-SMO,117.448,2.179,16/1/2024,5:00 PM,berawan,0,0,0
SMO,B1-SMO,B1-SMO,117.448,2.179,16/1/2024,8:00 PM,berawan,29,0,0
SMO,B1-SMO,B1-SMO,117.448,2.179,16/1/2024,11:00 PM,hujan ringan,0,0,0
SMO,B1-SMO,B1-SMO,117.448,2.179,17/1/2024,2:00 AM,hujan ringan,0,0,0
SMO,B1-SMO,B1-SMO,117.448,2.179,17/1/2024,5:00 AM,berawan,0,0,0
SMO,B1-SMO,B1-SMO,117.448,2.179,17/1/2024,8:00 AM,berawan,24,9,U
SMO,B1-SMO,B1-SMO,117.448,2.179,17/1/2024,11:00 AM,berawan,0,0,0
SMO,B1-SMO,B1-SMO,117.448,2.179,17/1/2024,2:00 PM,berawan,0,0,0
SMO,B1-SMO,B1-SMO,117.448,2.179,17/1/2024,5:00 PM,hujan ringan,0,0,0
SMO,B1-SMO,B1-SMO,117.448,2.179,17/1/2024,8:00 PM,berawan,29,0,0
SMO,B1-SMO,B1-SMO,117.448,2.179,17/1/2024,11:00 PM,berawan,0,0,0
SMO,B1-SMO,B1-SMO,117.448,2.179,18/1/2024,2:00 AM,berawan,0,0,0
SMO,B1-SMO,B1-SMO,117.448,2.179,18/1/2024,5:00 AM,berawan,0,0,0
SMO,B1-SMO,B1-SMO,117.448,2.179,18/1/2024,8:00 AM,cerah berawan,24,9,U
SMO,B1-SMO,B1-SMO,117.448,2.179,18/1/2024,11:00 AM,berawan,0,0,0
SMO,B1-SMO,B1-SMO,117.448,2.179,18/1/2024,2:00 PM,berawan,0,0,0
SMO,B1-SMO,B1-SMO,117.448,2.179,18/1/2024,5:00 PM,berawan,0,0,0
SMO,B1-SMO,B1-SMO,117.448,2.179,18/1/2024,8:00 PM,berawan,31,0,0
SMO,B1-SMO,B1-SMO,117.448,2.179,18/1/2024,11:00 PM,berawan,0,0,0
SMO,B1-SMO,B1-SMO,117.448,2.179,19/1/2024,2:00 AM,hujan ringan,0,0,0
SMO,B1-SMO,B1-SMO,117.448,2.179,19/1/2024,5:00 AM,berawan,0,0,0
SMO,B1-SMO,B1-SMO,117.448,2.179,19/1/2024,8:00 AM,berawan,25,8,T
SMO,B1-SMO,B1-SMO,117.448,2.179,19/1/2024,11:00 AM,berawan,0,0,0
SMO,B1-SMO,B1-SMO,117.448,2.179,19/1/2024,2:00 PM,hujan ringan,0,0,0
SMO,B1-SMO,B1-SMO,117.448,2.179,19/1/2024,5:00 PM,hujan ringan,0,0,0
SMO,B1-SMO,B1-SMO,117.448,2.179,19/1/2024,8:00 PM,berawan,29,0,0
SMO,B1-SMO,B1-SMO,117.448,2.179,19/1/2024,11:00 PM,berawan,0,0,0
SMO,B1-SMO,B1-SMO,117.448,2.179,20/1/2024,2:00 AM,berawan,0,0,0
SMO,B1-SMO,B1-SMO,117.448,2.179,20/1/2024,5:00 AM,berawan,0,0,0
SMO,B1-SMO,B1-SMO,117.448,2.179,20/1/2024,8:00 AM,berawan,25,5,TG
SMO,B1-SMO,B1-SMO,117.448,2.179,20/1/2024,11:00 AM,berawan,0,0,0
SMO,B1-SMO,B1-SMO,117.448,2.179,20/1/2024,2:00 PM,hujan ringan,0,0,0
SMO,B1-SMO,B1-SMO,117.448,2.179,20/1/2024,5:00 PM,hujan ringan,0,0,0
SMO,B1-SMO,B1-SMO,117.448,2.179,20/1/2024,8:00 PM,berawan,28,0,0
SMO,B1-SMO,B1-SMO,117.448,2.179,20/1/2024,11:00 PM,berawan,0,0,0
SMO,B1-SMO,B1-SMO,117.448,2.179,21/1/2024,2:00 AM,berawan,0,0,0
SMO,B1-SMO,B1-SMO,117.448,2.179,21/1/2024,5:00 AM,berawan,0,0,0
SMO,B1-SMO,B1-SMO,117.448,2.179,21/1/2024,8:00 AM,berawan,24,9,T
SMO,B1-SMO,B1-SMO,117.448,2.179,21/1/2024,11:00 AM,hujan ringan,0,0,0
SMO,B1-SMO,B1-SMO,117.448,2.179,21/1/2024,2:00 PM,berawan,0,0,0
SMO,B1-SMO,B1-SMO,117.448,2.179,21/1/2024,5:00 PM,hujan sedang,0,0,0
SMO,B1-SMO,B1-SMO,117.448,2.179,21/1/2024,8:00 PM,hujan ringan,29,0,0
SMO,B1-SMO,B1-SMO,117.448,2.179,21/1/2024,11:00 PM,berawan,0,0,0
SMO,B1-SMO,B1-SMO,117.448,2.179,22/1/2024,2:00 AM,berawan,0,0,0
SMO,B1-SMO,B1-SMO,117.448,2.179,22/1/2024,5:00 AM,berawan,0,0,0
SMO,B1-SMO,B1-SMO,117.448,2.179,22/1/2024,8:00 AM,cerah berawan,24,9,B
SMO,B1-SMO,B1-SMO,117.448,2.179,22/1/2024,11:00 AM,cerah berawan,0,0,0
SMO,B1-SMO,B1-SMO,117.448,2.179,22/1/2024,2:00 PM,cerah berawan,0,0,0
SMO,B1-SMO,B1-SMO,117.448,2.179,22/1/2024,5:00 PM,berawan,0,0,0
SMO,B1-SMO,B1-SMO,117.448,2.179,22/1/2024,8:00 PM,berawan,32,0,0
SMO,B1-SMO,B1-SMO,117.448,2.179,22/1/2024,11:00 PM,berawan,0,0,0
SMO,T4U-SMO,T4U-SMO,117.3653,2.302222,16/1/2024,8:00 AM,berawan,25,8,TL
SMO,T4U-SMO,T4U-SMO,117.3653,2.302222,16/1/2024,11:00 AM,hujan ringan,0,0,0
SMO,T4U-SMO,T4U-SMO,117.3653,2.302222,16/1/2024,2:00 PM,hujan ringan,0,0,0
SMO,T4U-SMO,T4U-SMO,117.3653,2.302222,16/1/2024,5:00 PM,berawan,0,0,0
SMO,T4U-SMO,T4U-SMO,117.3653,2.302222,16/1/2024,8:00 PM,berawan,29,0,0
SMO,T4U-SMO,T4U-SMO,117.3653,2.302222,16/1/2024,11:00 PM,hujan sedang,0,0,0
SMO,T4U-SMO,T4U-SMO,117.3653,2.302222,17/1/2024,2:00 AM,hujan ringan,0,0,0
SMO,T4U-SMO,T4U-SMO,117.3653,2.302222,17/1/2024,5:00 AM,berawan,0,0,0
SMO,T4U-SMO,T4U-SMO,117.3653,2.302222,17/1/2024,8:00 AM,berawan,24,10,U
SMO,T4U-SMO,T4U-SMO,117.3653,2.302222,17/1/2024,11:00 AM,berawan,0,0,0
SMO,T4U-SMO,T4U-SMO,117.3653,2.302222,17/1/2024,2:00 PM,berawan,0,0,0
SMO,T4U-SMO,T4U-SMO,117.3653,2.302222,17/1/2024,5:00 PM,hujan ringan,0,0,0
SMO,T4U-SMO,T4U-SMO,117.3653,2.302222,17/1/2024,8:00 PM,berawan,29,0,0
SMO,T4U-SMO,T4U-SMO,117.3653,2.302222,17/1/2024,11:00 PM,berawan,0,0,0
SMO,T4U-SMO,T4U-SMO,117.3653,2.302222,18/1/2024,2:00 AM,berawan,0,0,0
SMO,T4U-SMO,T4U-SMO,117.3653,2.302222,18/1/2024,5:00 AM,berawan,0,0,0
SMO,T4U-SMO,T4U-SMO,117.3653,2.302222,18/1/2024,8:00 AM,berawan,23,10,TL
SMO,T4U-SMO,T4U-SMO,117.3653,2.302222,18/1/2024,11:00 AM,berawan,0,0,0
SMO,T4U-SMO,T4U-SMO,117.3653,2.302222,18/1/2024,2:00 PM,cerah berawan,0,0,0
SMO,T4U-SMO,T4U-SMO,117.3653,2.302222,18/1/2024,5:00 PM,cerah berawan,0,0,0
SMO,T4U-SMO,T4U-SMO,117.3653,2.302222,18/1/2024,8:00 PM,cerah berawan,32,0,0
SMO,T4U-SMO,T4U-SMO,117.3653,2.302222,18/1/2024,11:00 PM,cerah berawan,0,0,0
SMO,T4U-SMO,T4U-SMO,117.3653,2.302222,19/1/2024,2:00 AM,cerah berawan,0,0,0
SMO,T4U-SMO,T4U-SMO,117.3653,2.302222,19/1/2024,5:00 AM,berawan,0,0,0
SMO,T4U-SMO,T4U-SMO,117.3653,2.302222,19/1/2024,8:00 AM,berawan,25,7,TL
SMO,T4U-SMO,T4U-SMO,117.3653,2.302222,19/1/2024,11:00 AM,berawan,0,0,0
SMO,T4U-SMO,T4U-SMO,117.3653,2.302222,19/1/2024,2:00 PM,hujan ringan,0,0,0
SMO,T4U-SMO,T4U-SMO,117.3653,2.302222,19/1/2024,5:00 PM,hujan sedang,0,0,0
SMO,T4U-SMO,T4U-SMO,117.3653,2.302222,19/1/2024,8:00 PM,berawan,29,0,0
SMO,T4U-SMO,T4U-SMO,117.3653,2.302222,19/1/2024,11:00 PM,berawan,0,0,0
SMO,T4U-SMO,T4U-SMO,117.3653,2.302222,20/1/2024,2:00 AM,berawan,0,0,0
SMO,T4U-SMO,T4U-SMO,117.3653,2.302222,20/1/2024,5:00 AM,berawan,0,0,0
SMO,T4U-SMO,T4U-SMO,117.3653,2.302222,20/1/2024,8:00 AM,berawan,24,7,TG
SMO,T4U-SMO,T4U-SMO,117.3653,2.302222,20/1/2024,11:00 AM,hujan ringan,0,0,0
SMO,T4U-SMO,T4U-SMO,117.3653,2.302222,20/1/2024,2:00 PM,hujan ringan,0,0,0
SMO,T4U-SMO,T4U-SMO,117.3653,2.302222,20/1/2024,5:00 PM,hujan ringan,0,0,0
SMO,T4U-SMO,T4U-SMO,117.3653,2.302222,20/1/2024,8:00 PM,hujan ringan,30,0,0
SMO,T4U-SMO,T4U-SMO,117.3653,2.302222,20/1/2024,11:00 PM,berawan,0,0,0
SMO,T4U-SMO,T4U-SMO,117.3653,2.302222,21/1/2024,2:00 AM,berawan,0,0,0
SMO,T4U-SMO,T4U-SMO,117.3653,2.302222,21/1/2024,5:00 AM,berawan,0,0,0
SMO,T4U-SMO,T4U-SMO,117.3653,2.302222,21/1/2024,8:00 AM,berawan,24,8,TL
SMO,T4U-SMO,T4U-SMO,117.3653,2.302222,21/1/2024,11:00 AM,berawan,0,0,0
SMO,T4U-SMO,T4U-SMO,117.3653,2.302222,21/1/2024,2:00 PM,hujan ringan,0,0,0
SMO,T4U-SMO,T4U-SMO,117.3653,2.302222,21/1/2024,5:00 PM,hujan sedang,0,0,0
SMO,T4U-SMO,T4U-SMO,117.3653,2.302222,21/1/2024,8:00 PM,berawan,29,0,0
SMO,T4U-SMO,T4U-SMO,117.3653,2.302222,21/1/2024,11:00 PM,berawan,0,0,0
SMO,T4U-SMO,T4U-SMO,117.3653,2.302222,22/1/2024,2:00 AM,berawan,0,0,0
SMO,T4U-SMO,T4U-SMO,117.3653,2.302222,22/1/2024,5:00 AM,berawan,0,0,0
SMO,T4U-SMO,T4U-SMO,117.3653,2.302222,22/1/2024,8:00 AM,cerah berawan,24,8,TL
SMO,T4U-SMO,T4U-SMO,117.3653,2.302222,22/1/2024,11:00 AM,cerah berawan,0,0,0
SMO,T4U-SMO,T4U-SMO,117.3653,2.302222,22/1/2024,2:00 PM,cerah berawan,0,0,0
SMO,T4U-SMO,T4U-SMO,117.3653,2.302222,22/1/2024,5:00 PM,berawan,0,0,0
SMO,T4U-SMO,T4U-SMO,117.3653,2.302222,22/1/2024,8:00 PM,berawan,32,0,0
SMO,T4U-SMO,T4U-SMO,117.3653,2.302222,22/1/2024,11:00 PM,berawan,0,0,0
SMO,C2H-SMO,C2H-SMO,117.3844,2.268333,16/1/2024,8:00 AM,berawan,25,8,TL
SMO,C2H-SMO,C2H-SMO,117.3844,2.268333,16/1/2024,11:00 AM,hujan ringan,0,0,0
SMO,C2H-SMO,C2H-SMO,117.3844,2.268333,16/1/2024,2:00 PM,berawan,0,0,0
SMO,C2H-SMO,C2H-SMO,117.3844,2.268333,16/1/2024,5:00 PM,berawan,0,0,0
SMO,C2H-SMO,C2H-SMO,117.3844,2.268333,16/1/2024,8:00 PM,berawan,29,0,0
SMO,C2H-SMO,C2H-SMO,117.3844,2.268333,16/1/2024,11:00 PM,hujan sedang,0,0,0
SMO,C2H-SMO,C2H-SMO,117.3844,2.268333,17/1/2024,2:00 AM,hujan ringan,0,0,0
SMO,C2H-SMO,C2H-SMO,117.3844,2.268333,17/1/2024,5:00 AM,berawan,0,0,0
SMO,C2H-SMO,C2H-SMO,117.3844,2.268333,17/1/2024,8:00 AM,berawan,24,10,U
SMO,C2H-SMO,C2H-SMO,117.3844,2.268333,17/1/2024,11:00 AM,berawan,0,0,0
SMO,C2H-SMO,C2H-SMO,117.3844,2.268333,17/1/2024,2:00 PM,berawan,0,0,0
SMO,C2H-SMO,C2H-SMO,117.3844,2.268333,17/1/2024,5:00 PM,hujan ringan,0,0,0
SMO,C2H-SMO,C2H-SMO,117.3844,2.268333,17/1/2024,8:00 PM,berawan,29,0,0
SMO,C2H-SMO,C2H-SMO,117.3844,2.268333,17/1/2024,11:00 PM,berawan,0,0,0
SMO,C2H-SMO,C2H-SMO,117.3844,2.268333,18/1/2024,2:00 AM,berawan,0,0,0
SMO,C2H-SMO,C2H-SMO,117.3844,2.268333,18/1/2024,5:00 AM,berawan,0,0,0
SMO,C2H-SMO,C2H-SMO,117.3844,2.268333,18/1/2024,8:00 AM,berawan,23,10,TL
SMO,C2H-SMO,C2H-SMO,117.3844,2.268333,18/1/2024,11:00 AM,berawan,0,0,0
SMO,C2H-SMO,C2H-SMO,117.3844,2.268333,18/1/2024,2:00 PM,cerah berawan,0,0,0
SMO,C2H-SMO,C2H-SMO,117.3844,2.268333,18/1/2024,5:00 PM,cerah berawan,0,0,0
SMO,C2H-SMO,C2H-SMO,117.3844,2.268333,18/1/2024,8:00 PM,cerah berawan,32,0,0
SMO,C2H-SMO,C2H-SMO,117.3844,2.268333,18/1/2024,11:00 PM,cerah berawan,0,0,0
SMO,C2H-SMO,C2H-SMO,117.3844,2.268333,19/1/2024,2:00 AM,cerah berawan,0,0,0
SMO,C2H-SMO,C2H-SMO,117.3844,2.268333,19/1/2024,5:00 AM,berawan,0,0,0
SMO,C2H-SMO,C2H-SMO,117.3844,2.268333,19/1/2024,8:00 AM,berawan,25,7,TL
SMO,C2H-SMO,C2H-SMO,117.3844,2.268333,19/1/2024,11:00 AM,berawan,0,0,0
SMO,C2H-SMO,C2H-SMO,117.3844,2.268333,19/1/2024,2:00 PM,hujan ringan,0,0,0
SMO,C2H-SMO,C2H-SMO,117.3844,2.268333,19/1/2024,5:00 PM,hujan sedang,0,0,0
SMO,C2H-SMO,C2H-SMO,117.3844,2.268333,19/1/2024,8:00 PM,berawan,29,0,0
SMO,C2H-SMO,C2H-SMO,117.3844,2.268333,19/1/2024,11:00 PM,berawan,0,0,0
SMO,C2H-SMO,C2H-SMO,117.3844,2.268333,20/1/2024,2:00 AM,berawan,0,0,0
SMO,C2H-SMO,C2H-SMO,117.3844,2.268333,20/1/2024,5:00 AM,berawan,0,0,0
SMO,C2H-SMO,C2H-SMO,117.3844,2.268333,20/1/2024,8:00 AM,berawan,24,7,TG
SMO,C2H-SMO,C2H-SMO,117.3844,2.268333,20/1/2024,11:00 AM,hujan ringan,0,0,0
SMO,C2H-SMO,C2H-SMO,117.3844,2.268333,20/1/2024,2:00 PM,hujan ringan,0,0,0
SMO,C2H-SMO,C2H-SMO,117.3844,2.268333,20/1/2024,5:00 PM,hujan ringan,0,0,0
SMO,C2H-SMO,C2H-SMO,117.3844,2.268333,20/1/2024,8:00 PM,hujan ringan,30,0,0
SMO,C2H-SMO,C2H-SMO,117.3844,2.268333,20/1/2024,11:00 PM,berawan,0,0,0
SMO,C2H-SMO,C2H-SMO,117.3844,2.268333,21/1/2024,2:00 AM,berawan,0,0,0
SMO,C2H-SMO,C2H-SMO,117.3844,2.268333,21/1/2024,5:00 AM,berawan,0,0,0
SMO,C2H-SMO,C2H-SMO,117.3844,2.268333,21/1/2024,8:00 AM,berawan,24,8,TL
SMO,C2H-SMO,C2H-SMO,117.3844,2.268333,21/1/2024,11:00 AM,berawan,0,0,0
SMO,C2H-SMO,C2H-SMO,117.3844,2.268333,21/1/2024,2:00 PM,hujan ringan,0,0,0
SMO,C2H-SMO,C2H-SMO,117.3844,2.268333,21/1/2024,5:00 PM,hujan sedang,0,0,0
SMO,C2H-SMO,C2H-SMO,117.3844,2.268333,21/1/2024,8:00 PM,berawan,29,0,0
SMO,C2H-SMO,C2H-SMO,117.3844,2.268333,21/1/2024,11:00 PM,berawan,0,0,0
SMO,C2H-SMO,C2H-SMO,117.3844,2.268333,22/1/2024,2:00 AM,berawan,0,0,0
SMO,C2H-SMO,C2H-SMO,117.3844,2.268333,22/1/2024,5:00 AM,berawan,0,0,0
SMO,C2H-SMO,C2H-SMO,117.3844,2.268333,22/1/2024,8:00 AM,cerah berawan,24,8,TL
SMO,C2H-SMO,C2H-SMO,117.3844,2.268333,22/1/2024,11:00 AM,cerah berawan,0,0,0
SMO,C2H-SMO,C2H-SMO,117.3844,2.268333,22/1/2024,2:00 PM,cerah berawan,0,0,0
SMO,C2H-SMO,C2H-SMO,117.3844,2.268333,22/1/2024,5:00 PM,berawan,0,0,0
SMO,C2H-SMO,C2H-SMO,117.3844,2.268333,22/1/2024,8:00 PM,berawan,32,0,0
SMO,C2H-SMO,C2H-SMO,117.3844,2.268333,22/1/2024,11:00 PM,berawan,0,0,0
BMO2,CH-BMO2,CH-BMO2,117.269,1.896,16/1/2024,8:00 AM,berawan,24,7,TL
BMO2,CH-BMO2,CH-BMO2,117.269,1.896,16/1/2024,11:00 AM,hujan ringan,0,0,0
BMO2,CH-BMO2,CH-BMO2,117.269,1.896,16/1/2024,2:00 PM,hujan ringan,0,0,0
BMO2,CH-BMO2,CH-BMO2,117.269,1.896,16/1/2024,5:00 PM,berawan,0,0,0
BMO2,CH-BMO2,CH-BMO2,117.269,1.896,16/1/2024,8:00 PM,berawan,29,0,0
BMO2,CH-BMO2,CH-BMO2,117.269,1.896,16/1/2024,11:00 PM,hujan ringan,0,0,0
BMO2,CH-BMO2,CH-BMO2,117.269,1.896,17/1/2024,2:00 AM,hujan ringan,0,0,0
BMO2,CH-BMO2,CH-BMO2,117.269,1.896,17/1/2024,5:00 AM,berawan,0,0,0
BMO2,CH-BMO2,CH-BMO2,117.269,1.896,17/1/2024,8:00 AM,berawan,24,8,U
BMO2,CH-BMO2,CH-BMO2,117.269,1.896,17/1/2024,11:00 AM,berawan,0,0,0
BMO2,CH-BMO2,CH-BMO2,117.269,1.896,17/1/2024,2:00 PM,berawan,0,0,0
BMO2,CH-BMO2,CH-BMO2,117.269,1.896,17/1/2024,5:00 PM,berawan,0,0,0
BMO2,CH-BMO2,CH-BMO2,117.269,1.896,17/1/2024,8:00 PM,berawan,29,0,0
BMO2,CH-BMO2,CH-BMO2,117.269,1.896,17/1/2024,11:00 PM,berawan,0,0,0
BMO2,CH-BMO2,CH-BMO2,117.269,1.896,18/1/2024,2:00 AM,berawan,0,0,0
BMO2,CH-BMO2,CH-BMO2,117.269,1.896,18/1/2024,5:00 AM,cerah berawan,0,0,0
BMO2,CH-BMO2,CH-BMO2,117.269,1.896,18/1/2024,8:00 AM,cerah berawan,23,10,U
BMO2,CH-BMO2,CH-BMO2,117.269,1.896,18/1/2024,11:00 AM,berawan,0,0,0
BMO2,CH-BMO2,CH-BMO2,117.269,1.896,18/1/2024,2:00 PM,berawan,0,0,0
BMO2,CH-BMO2,CH-BMO2,117.269,1.896,18/1/2024,5:00 PM,cerah berawan,0,0,0
BMO2,CH-BMO2,CH-BMO2,117.269,1.896,18/1/2024,8:00 PM,cerah berawan,31,0,0
BMO2,CH-BMO2,CH-BMO2,117.269,1.896,18/1/2024,11:00 PM,cerah berawan,0,0,0
BMO2,CH-BMO2,CH-BMO2,117.269,1.896,19/1/2024,2:00 AM,hujan ringan,0,0,0
BMO2,CH-BMO2,CH-BMO2,117.269,1.896,19/1/2024,5:00 AM,hujan ringan,0,0,0
BMO2,CH-BMO2,CH-BMO2,117.269,1.896,19/1/2024,8:00 AM,berawan,24,8,TG
BMO2,CH-BMO2,CH-BMO2,117.269,1.896,19/1/2024,11:00 AM,berawan,0,0,0
BMO2,CH-BMO2,CH-BMO2,117.269,1.896,19/1/2024,2:00 PM,hujan ringan,0,0,0
BMO2,CH-BMO2,CH-BMO2,117.269,1.896,19/1/2024,5:00 PM,berawan,0,0,0
BMO2,CH-BMO2,CH-BMO2,117.269,1.896,19/1/2024,8:00 PM,berawan,29,0,0
BMO2,CH-BMO2,CH-BMO2,117.269,1.896,19/1/2024,11:00 PM,berawan,0,0,0
BMO2,CH-BMO2,CH-BMO2,117.269,1.896,20/1/2024,2:00 AM,berawan,0,0,0
BMO2,CH-BMO2,CH-BMO2,117.269,1.896,20/1/2024,5:00 AM,berawan,0,0,0
BMO2,CH-BMO2,CH-BMO2,117.269,1.896,20/1/2024,8:00 AM,hujan ringan,24,6,S
BMO2,CH-BMO2,CH-BMO2,117.269,1.896,20/1/2024,11:00 AM,berawan,0,0,0
BMO2,CH-BMO2,CH-BMO2,117.269,1.896,20/1/2024,2:00 PM,hujan ringan,0,0,0
BMO2,CH-BMO2,CH-BMO2,117.269,1.896,20/1/2024,5:00 PM,berawan,0,0,0
BMO2,CH-BMO2,CH-BMO2,117.269,1.896,20/1/2024,8:00 PM,berawan,29,0,0
BMO2,CH-BMO2,CH-BMO2,117.269,1.896,20/1/2024,11:00 PM,berawan,0,0,0
BMO2,CH-BMO2,CH-BMO2,117.269,1.896,21/1/2024,2:00 AM,berawan,0,0,0
BMO2,CH-BMO2,CH-BMO2,117.269,1.896,21/1/2024,5:00 AM,berawan,0,0,0
BMO2,CH-BMO2,CH-BMO2,117.269,1.896,21/1/2024,8:00 AM,berawan,24,8,T
BMO2,CH-BMO2,CH-BMO2,117.269,1.896,21/1/2024,11:00 AM,hujan ringan,0,0,0
BMO2,CH-BMO2,CH-BMO2,117.269,1.896,21/1/2024,2:00 PM,cerah berawan,0,0,0
BMO2,CH-BMO2,CH-BMO2,117.269,1.896,21/1/2024,5:00 PM,hujan ringan,0,0,0
BMO2,CH-BMO2,CH-BMO2,117.269,1.896,21/1/2024,8:00 PM,berawan,29,0,0
BMO2,CH-BMO2,CH-BMO2,117.269,1.896,21/1/2024,11:00 PM,berawan,0,0,0
BMO2,CH-BMO2,CH-BMO2,117.269,1.896,22/1/2024,2:00 AM,cerah berawan,0,0,0
BMO2,CH-BMO2,CH-BMO2,117.269,1.896,22/1/2024,5:00 AM,berawan,0,0,0
BMO2,CH-BMO2,CH-BMO2,117.269,1.896,22/1/2024,8:00 AM,cerah berawan,24,8,U
BMO2,CH-BMO2,CH-BMO2,117.269,1.896,22/1/2024,11:00 AM,cerah berawan,0,0,0
BMO2,CH-BMO2,CH-BMO2,117.269,1.896,22/1/2024,2:00 PM,cerah berawan,0,0,0
BMO2,CH-BMO2,CH-BMO2,117.269,1.896,22/1/2024,5:00 PM,hujan ringan,0,0,0
BMO2,CH-BMO2,CH-BMO2,117.269,1.896,22/1/2024,8:00 PM,berawan,31,0,0
BMO2,CH-BMO2,CH-BMO2,117.269,1.896,22/1/2024,11:00 PM,berawan,0,0,0
PMO,N1-PMO,N1-PMO,117.4566,2.131111,16/1/2024,8:00 AM,berawan,25,6,U
PMO,N1-PMO,N1-PMO,117.4566,2.131111,16/1/2024,11:00 AM,hujan ringan,0,0,0
PMO,N1-PMO,N1-PMO,117.4566,2.131111,16/1/2024,2:00 PM,hujan ringan,0,0,0
PMO,N1-PMO,N1-PMO,117.4566,2.131111,16/1/2024,5:00 PM,berawan,0,0,0
PMO,N1-PMO,N1-PMO,117.4566,2.131111,16/1/2024,8:00 PM,berawan,29,0,0
PMO,N1-PMO,N1-PMO,117.4566,2.131111,16/1/2024,11:00 PM,hujan ringan,0,0,0
PMO,N1-PMO,N1-PMO,117.4566,2.131111,17/1/2024,2:00 AM,hujan ringan,0,0,0
PMO,N1-PMO,N1-PMO,117.4566,2.131111,17/1/2024,5:00 AM,berawan,0,0,0
PMO,N1-PMO,N1-PMO,117.4566,2.131111,17/1/2024,8:00 AM,berawan,24,9,U
PMO,N1-PMO,N1-PMO,117.4566,2.131111,17/1/2024,11:00 AM,berawan,0,0,0
PMO,N1-PMO,N1-PMO,117.4566,2.131111,17/1/2024,2:00 PM,berawan,0,0,0
PMO,N1-PMO,N1-PMO,117.4566,2.131111,17/1/2024,5:00 PM,hujan ringan,0,0,0
PMO,N1-PMO,N1-PMO,117.4566,2.131111,17/1/2024,8:00 PM,berawan,29,0,0
PMO,N1-PMO,N1-PMO,117.4566,2.131111,17/1/2024,11:00 PM,berawan,0,0,0
PMO,N1-PMO,N1-PMO,117.4566,2.131111,18/1/2024,2:00 AM,berawan,0,0,0
PMO,N1-PMO,N1-PMO,117.4566,2.131111,18/1/2024,5:00 AM,berawan,0,0,0
PMO,N1-PMO,N1-PMO,117.4566,2.131111,18/1/2024,8:00 AM,cerah berawan,24,9,U
PMO,N1-PMO,N1-PMO,117.4566,2.131111,18/1/2024,11:00 AM,berawan,0,0,0
PMO,N1-PMO,N1-PMO,117.4566,2.131111,18/1/2024,2:00 PM,berawan,0,0,0
PMO,N1-PMO,N1-PMO,117.4566,2.131111,18/1/2024,5:00 PM,berawan,0,0,0
PMO,N1-PMO,N1-PMO,117.4566,2.131111,18/1/2024,8:00 PM,berawan,31,0,0
PMO,N1-PMO,N1-PMO,117.4566,2.131111,18/1/2024,11:00 PM,berawan,0,0,0
PMO,N1-PMO,N1-PMO,117.4566,2.131111,19/1/2024,2:00 AM,hujan ringan,0,0,0
PMO,N1-PMO,N1-PMO,117.4566,2.131111,19/1/2024,5:00 AM,berawan,0,0,0
PMO,N1-PMO,N1-PMO,117.4566,2.131111,19/1/2024,8:00 AM,berawan,25,8,T
PMO,N1-PMO,N1-PMO,117.4566,2.131111,19/1/2024,11:00 AM,berawan,0,0,0
PMO,N1-PMO,N1-PMO,117.4566,2.131111,19/1/2024,2:00 PM,hujan ringan,0,0,0
PMO,N1-PMO,N1-PMO,117.4566,2.131111,19/1/2024,5:00 PM,hujan ringan,0,0,0
PMO,N1-PMO,N1-PMO,117.4566,2.131111,19/1/2024,8:00 PM,berawan,29,0,0
PMO,N1-PMO,N1-PMO,117.4566,2.131111,19/1/2024,11:00 PM,berawan,0,0,0
PMO,N1-PMO,N1-PMO,117.4566,2.131111,20/1/2024,2:00 AM,berawan,0,0,0
PMO,N1-PMO,N1-PMO,117.4566,2.131111,20/1/2024,5:00 AM,berawan,0,0,0
PMO,N1-PMO,N1-PMO,117.4566,2.131111,20/1/2024,8:00 AM,berawan,25,5,TG
PMO,N1-PMO,N1-PMO,117.4566,2.131111,20/1/2024,11:00 AM,berawan,0,0,0
PMO,N1-PMO,N1-PMO,117.4566,2.131111,20/1/2024,2:00 PM,hujan ringan,0,0,0
PMO,N1-PMO,N1-PMO,117.4566,2.131111,20/1/2024,5:00 PM,hujan ringan,0,0,0
PMO,N1-PMO,N1-PMO,117.4566,2.131111,20/1/2024,8:00 PM,berawan,28,0,0
PMO,N1-PMO,N1-PMO,117.4566,2.131111,20/1/2024,11:00 PM,berawan,0,0,0
PMO,N1-PMO,N1-PMO,117.4566,2.131111,21/1/2024,2:00 AM,berawan,0,0,0
PMO,N1-PMO,N1-PMO,117.4566,2.131111,21/1/2024,5:00 AM,berawan,0,0,0
PMO,N1-PMO,N1-PMO,117.4566,2.131111,21/1/2024,8:00 AM,berawan,24,9,T
PMO,N1-PMO,N1-PMO,117.4566,2.131111,21/1/2024,11:00 AM,hujan ringan,0,0,0
PMO,N1-PMO,N1-PMO,117.4566,2.131111,21/1/2024,2:00 PM,berawan,0,0,0
PMO,N1-PMO,N1-PMO,117.4566,2.131111,21/1/2024,5:00 PM,hujan sedang,0,0,0
PMO,N1-PMO,N1-PMO,117.4566,2.131111,21/1/2024,8:00 PM,hujan ringan,29,0,0
PMO,N1-PMO,N1-PMO,117.4566,2.131111,21/1/2024,11:00 PM,berawan,0,0,0
PMO,N1-PMO,N1-PMO,117.4566,2.131111,22/1/2024,2:00 AM,berawan,0,0,0
PMO,N1-PMO,N1-PMO,117.4566,2.131111,22/1/2024,5:00 AM,berawan,0,0,0
PMO,N1-PMO,N1-PMO,117.4566,2.131111,22/1/2024,8:00 AM,cerah berawan,24,9,B
PMO,N1-PMO,N1-PMO,117.4566,2.131111,22/1/2024,11:00 AM,cerah berawan,0,0,0
PMO,N1-PMO,N1-PMO,117.4566,2.131111,22/1/2024,2:00 PM,cerah berawan,0,0,0
PMO,N1-PMO,N1-PMO,117.4566,2.131111,22/1/2024,5:00 PM,berawan,0,0,0
PMO,N1-PMO,N1-PMO,117.4566,2.131111,22/1/2024,8:00 PM,berawan,32,0,0
PMO,N1-PMO,N1-PMO,117.4566,2.131111,22/1/2024,11:00 PM,berawan,0,0,0
GMO,L-GMO,L-GMO,117.61,2.160833,16/1/2024,8:00 AM,berawan,24,8,BL
GMO,L-GMO,L-GMO,117.61,2.160833,16/1/2024,11:00 AM,hujan ringan,0,0,0
GMO,L-GMO,L-GMO,117.61,2.160833,16/1/2024,2:00 PM,berawan,0,0,0
GMO,L-GMO,L-GMO,117.61,2.160833,16/1/2024,5:00 PM,hujan ringan,0,0,0
GMO,L-GMO,L-GMO,117.61,2.160833,16/1/2024,8:00 PM,hujan ringan,32,0,0
GMO,L-GMO,L-GMO,117.61,2.160833,16/1/2024,11:00 PM,hujan sedang,0,0,0
GMO,L-GMO,L-GMO,117.61,2.160833,17/1/2024,2:00 AM,hujan ringan,0,0,0
GMO,L-GMO,L-GMO,117.61,2.160833,17/1/2024,5:00 AM,berawan,0,0,0
GMO,L-GMO,L-GMO,117.61,2.160833,17/1/2024,8:00 AM,berawan,24,7,BL
GMO,L-GMO,L-GMO,117.61,2.160833,17/1/2024,11:00 AM,berawan,0,0,0
GMO,L-GMO,L-GMO,117.61,2.160833,17/1/2024,2:00 PM,berawan,0,0,0
GMO,L-GMO,L-GMO,117.61,2.160833,17/1/2024,5:00 PM,hujan ringan,0,0,0
GMO,L-GMO,L-GMO,117.61,2.160833,17/1/2024,8:00 PM,berawan,33,0,0
GMO,L-GMO,L-GMO,117.61,2.160833,17/1/2024,11:00 PM,berawan,0,0,0
GMO,L-GMO,L-GMO,117.61,2.160833,18/1/2024,2:00 AM,cerah berawan,0,0,0
GMO,L-GMO,L-GMO,117.61,2.160833,18/1/2024,5:00 AM,cerah berawan,0,0,0
GMO,L-GMO,L-GMO,117.61,2.160833,18/1/2024,8:00 AM,cerah berawan,25,7,U
GMO,L-GMO,L-GMO,117.61,2.160833,18/1/2024,11:00 AM,berawan,0,0,0
GMO,L-GMO,L-GMO,117.61,2.160833,18/1/2024,2:00 PM,cerah berawan,0,0,0
GMO,L-GMO,L-GMO,117.61,2.160833,18/1/2024,5:00 PM,cerah berawan,0,0,0
GMO,L-GMO,L-GMO,117.61,2.160833,18/1/2024,8:00 PM,cerah berawan,31,0,0
GMO,L-GMO,L-GMO,117.61,2.160833,18/1/2024,11:00 PM,berawan,0,0,0
GMO,L-GMO,L-GMO,117.61,2.160833,19/1/2024,2:00 AM,hujan ringan,0,0,0
GMO,L-GMO,L-GMO,117.61,2.160833,19/1/2024,5:00 AM,hujan ringan,0,0,0
GMO,L-GMO,L-GMO,117.61,2.160833,19/1/2024,8:00 AM,berawan,25,6,U
GMO,L-GMO,L-GMO,117.61,2.160833,19/1/2024,11:00 AM,berawan,0,0,0
GMO,L-GMO,L-GMO,117.61,2.160833,19/1/2024,2:00 PM,hujan ringan,0,0,0
GMO,L-GMO,L-GMO,117.61,2.160833,19/1/2024,5:00 PM,berawan,0,0,0
GMO,L-GMO,L-GMO,117.61,2.160833,19/1/2024,8:00 PM,hujan ringan,30,0,0
GMO,L-GMO,L-GMO,117.61,2.160833,19/1/2024,11:00 PM,berawan,0,0,0
GMO,L-GMO,L-GMO,117.61,2.160833,20/1/2024,2:00 AM,berawan,0,0,0
GMO,L-GMO,L-GMO,117.61,2.160833,20/1/2024,5:00 AM,berawan,0,0,0
GMO,L-GMO,L-GMO,117.61,2.160833,20/1/2024,8:00 AM,hujan ringan,25,8,U
GMO,L-GMO,L-GMO,117.61,2.160833,20/1/2024,11:00 AM,berawan,0,0,0
GMO,L-GMO,L-GMO,117.61,2.160833,20/1/2024,2:00 PM,hujan ringan,0,0,0
GMO,L-GMO,L-GMO,117.61,2.160833,20/1/2024,5:00 PM,berawan,0,0,0
GMO,L-GMO,L-GMO,117.61,2.160833,20/1/2024,8:00 PM,berawan,31,0,0
GMO,L-GMO,L-GMO,117.61,2.160833,20/1/2024,11:00 PM,berawan,0,0,0
GMO,L-GMO,L-GMO,117.61,2.160833,21/1/2024,2:00 AM,berawan,0,0,0
GMO,L-GMO,L-GMO,117.61,2.160833,21/1/2024,5:00 AM,berawan,0,0,0
GMO,L-GMO,L-GMO,117.61,2.160833,21/1/2024,8:00 AM,berawan,25,8,BL
GMO,L-GMO,L-GMO,117.61,2.160833,21/1/2024,11:00 AM,hujan ringan,0,0,0
GMO,L-GMO,L-GMO,117.61,2.160833,21/1/2024,2:00 PM,berawan,0,0,0
GMO,L-GMO,L-GMO,117.61,2.160833,21/1/2024,5:00 PM,hujan sedang,0,0,0
GMO,L-GMO,L-GMO,117.61,2.160833,21/1/2024,8:00 PM,hujan ringan,30,0,0
GMO,L-GMO,L-GMO,117.61,2.160833,21/1/2024,11:00 PM,berawan,0,0,0
GMO,L-GMO,L-GMO,117.61,2.160833,22/1/2024,2:00 AM,berawan,0,0,0
GMO,L-GMO,L-GMO,117.61,2.160833,22/1/2024,5:00 AM,berawan,0,0,0
GMO,L-GMO,L-GMO,117.61,2.160833,22/1/2024,8:00 AM,cerah berawan,23,8,BL
GMO,L-GMO,L-GMO,117.61,2.160833,22/1/2024,11:00 AM,cerah berawan,0,0,0
GMO,L-GMO,L-GMO,117.61,2.160833,22/1/2024,2:00 PM,cerah berawan,0,0,0
GMO,L-GMO,L-GMO,117.61,2.160833,22/1/2024,5:00 PM,hujan ringan,0,0,0
GMO,L-GMO,L-GMO,117.61,2.160833,22/1/2024,8:00 PM,berawan,33,0,0
GMO,L-GMO,L-GMO,117.61,2.160833,22/1/2024,11:00 PM,berawan,0,0,0
LMO,WEST-LMO,WEST-LMO,117.537,2.34,16/1/2024,8:00 AM,berawan,25,8,BL
LMO,WEST-LMO,WEST-LMO,117.537,2.34,16/1/2024,11:00 AM,hujan ringan,0,0,0
LMO,WEST-LMO,WEST-LMO,117.537,2.34,16/1/2024,2:00 PM,hujan ringan,0,0,0
LMO,WEST-LMO,WEST-LMO,117.537,2.34,16/1/2024,5:00 PM,berawan,0,0,0
LMO,WEST-LMO,WEST-LMO,117.537,2.34,16/1/2024,8:00 PM,berawan,29,0,0
LMO,WEST-LMO,WEST-LMO,117.537,2.34,16/1/2024,11:00 PM,hujan sedang,0,0,0
LMO,WEST-LMO,WEST-LMO,117.537,2.34,17/1/2024,2:00 AM,hujan ringan,0,0,0
LMO,WEST-LMO,WEST-LMO,117.537,2.34,17/1/2024,5:00 AM,berawan,0,0,0
LMO,WEST-LMO,WEST-LMO,117.537,2.34,17/1/2024,8:00 AM,hujan ringan,24,8,U
LMO,WEST-LMO,WEST-LMO,117.537,2.34,17/1/2024,11:00 AM,berawan,0,0,0
LMO,WEST-LMO,WEST-LMO,117.537,2.34,17/1/2024,2:00 PM,berawan,0,0,0
LMO,WEST-LMO,WEST-LMO,117.537,2.34,17/1/2024,5:00 PM,berawan,0,0,0
LMO,WEST-LMO,WEST-LMO,117.537,2.34,17/1/2024,8:00 PM,berawan,30,0,0
LMO,WEST-LMO,WEST-LMO,117.537,2.34,17/1/2024,11:00 PM,berawan,0,0,0
LMO,WEST-LMO,WEST-LMO,117.537,2.34,18/1/2024,2:00 AM,berawan,0,0,0
LMO,WEST-LMO,WEST-LMO,117.537,2.34,18/1/2024,5:00 AM,berawan,0,0,0
LMO,WEST-LMO,WEST-LMO,117.537,2.34,18/1/2024,8:00 AM,cerah berawan,23,11,TL
LMO,WEST-LMO,WEST-LMO,117.537,2.34,18/1/2024,11:00 AM,berawan,0,0,0
LMO,WEST-LMO,WEST-LMO,117.537,2.34,18/1/2024,2:00 PM,berawan,0,0,0
LMO,WEST-LMO,WEST-LMO,117.537,2.34,18/1/2024,5:00 PM,cerah berawan,0,0,0
LMO,WEST-LMO,WEST-LMO,117.537,2.34,18/1/2024,8:00 PM,cerah berawan,31,0,0
LMO,WEST-LMO,WEST-LMO,117.537,2.34,18/1/2024,11:00 PM,cerah berawan,0,0,0
LMO,WEST-LMO,WEST-LMO,117.537,2.34,19/1/2024,2:00 AM,cerah berawan,0,0,0
LMO,WEST-LMO,WEST-LMO,117.537,2.34,19/1/2024,5:00 AM,berawan,0,0,0
LMO,WEST-LMO,WEST-LMO,117.537,2.34,19/1/2024,8:00 AM,berawan,25,8,TL
LMO,WEST-LMO,WEST-LMO,117.537,2.34,19/1/2024,11:00 AM,berawan,0,0,0
LMO,WEST-LMO,WEST-LMO,117.537,2.34,19/1/2024,2:00 PM,hujan ringan,0,0,0
LMO,WEST-LMO,WEST-LMO,117.537,2.34,19/1/2024,5:00 PM,hujan ringan,0,0,0
LMO,WEST-LMO,WEST-LMO,117.537,2.34,19/1/2024,8:00 PM,berawan,29,0,0
LMO,WEST-LMO,WEST-LMO,117.537,2.34,19/1/2024,11:00 PM,berawan,0,0,0
LMO,WEST-LMO,WEST-LMO,117.537,2.34,20/1/2024,2:00 AM,berawan,0,0,0
LMO,WEST-LMO,WEST-LMO,117.537,2.34,20/1/2024,5:00 AM,berawan,0,0,0
LMO,WEST-LMO,WEST-LMO,117.537,2.34,20/1/2024,8:00 AM,hujan ringan,24,5,B
LMO,WEST-LMO,WEST-LMO,117.537,2.34,20/1/2024,11:00 AM,hujan ringan,0,0,0
LMO,WEST-LMO,WEST-LMO,117.537,2.34,20/1/2024,2:00 PM,hujan ringan,0,0,0
LMO,WEST-LMO,WEST-LMO,117.537,2.34,20/1/2024,5:00 PM,hujan ringan,0,0,0
LMO,WEST-LMO,WEST-LMO,117.537,2.34,20/1/2024,8:00 PM,berawan,29,0,0
LMO,WEST-LMO,WEST-LMO,117.537,2.34,20/1/2024,11:00 PM,berawan,0,0,0
LMO,WEST-LMO,WEST-LMO,117.537,2.34,21/1/2024,2:00 AM,berawan,0,0,0
LMO,WEST-LMO,WEST-LMO,117.537,2.34,21/1/2024,5:00 AM,berawan,0,0,0
LMO,WEST-LMO,WEST-LMO,117.537,2.34,21/1/2024,8:00 AM,berawan,24,8,BL
LMO,WEST-LMO,WEST-LMO,117.537,2.34,21/1/2024,11:00 AM,berawan,0,0,0
LMO,WEST-LMO,WEST-LMO,117.537,2.34,21/1/2024,2:00 PM,hujan ringan,0,0,0
LMO,WEST-LMO,WEST-LMO,117.537,2.34,21/1/2024,5:00 PM,hujan sedang,0,0,0
LMO,WEST-LMO,WEST-LMO,117.537,2.34,21/1/2024,8:00 PM,berawan,32,0,0
LMO,WEST-LMO,WEST-LMO,117.537,2.34,21/1/2024,11:00 PM,berawan,0,0,0
LMO,WEST-LMO,WEST-LMO,117.537,2.34,22/1/2024,2:00 AM,berawan,0,0,0
LMO,WEST-LMO,WEST-LMO,117.537,2.34,22/1/2024,5:00 AM,berawan,0,0,0
LMO,WEST-LMO,WEST-LMO,117.537,2.34,22/1/2024,8:00 AM,cerah berawan,23,8,TL
LMO,WEST-LMO,WEST-LMO,117.537,2.34,22/1/2024,11:00 AM,cerah berawan,0,0,0
LMO,WEST-LMO,WEST-LMO,117.537,2.34,22/1/2024,2:00 PM,berawan,0,0,0
LMO,WEST-LMO,WEST-LMO,117.537,2.34,22/1/2024,5:00 PM,berawan,0,0,0
LMO,WEST-LMO,WEST-LMO,117.537,2.34,22/1/2024,8:00 PM,cerah berawan,31,0,0
LMO,WEST-LMO,WEST-LMO,117.537,2.34,22/1/2024,11:00 PM,berawan,0,0,0
BMO1,D2-BMO1,D2-BMO1,117.26,2.05,16/1/2024,8:00 AM,berawan,25,10,TL
BMO1,D2-BMO1,D2-BMO1,117.26,2.05,16/1/2024,11:00 AM,hujan ringan,0,0,0
BMO1,D2-BMO1,D2-BMO1,117.26,2.05,16/1/2024,2:00 PM,hujan ringan,0,0,0
BMO1,D2-BMO1,D2-BMO1,117.26,2.05,16/1/2024,5:00 PM,berawan,0,0,0
BMO1,D2-BMO1,D2-BMO1,117.26,2.05,16/1/2024,8:00 PM,berawan,29,0,0
BMO1,D2-BMO1,D2-BMO1,117.26,2.05,16/1/2024,11:00 PM,hujan ringan,0,0,0
BMO1,D2-BMO1,D2-BMO1,117.26,2.05,17/1/2024,2:00 AM,hujan ringan,0,0,0
BMO1,D2-BMO1,D2-BMO1,117.26,2.05,17/1/2024,5:00 AM,berawan,0,0,0
BMO1,D2-BMO1,D2-BMO1,117.26,2.05,17/1/2024,8:00 AM,berawan,24,9,U
BMO1,D2-BMO1,D2-BMO1,117.26,2.05,17/1/2024,11:00 AM,berawan,0,0,0
BMO1,D2-BMO1,D2-BMO1,117.26,2.05,17/1/2024,2:00 PM,berawan,0,0,0
BMO1,D2-BMO1,D2-BMO1,117.26,2.05,17/1/2024,5:00 PM,berawan,0,0,0
BMO1,D2-BMO1,D2-BMO1,117.26,2.05,17/1/2024,8:00 PM,berawan,30,0,0
BMO1,D2-BMO1,D2-BMO1,117.26,2.05,17/1/2024,11:00 PM,berawan,0,0,0
BMO1,D2-BMO1,D2-BMO1,117.26,2.05,18/1/2024,2:00 AM,berawan,0,0,0
BMO1,D2-BMO1,D2-BMO1,117.26,2.05,18/1/2024,5:00 AM,cerah berawan,0,0,0
BMO1,D2-BMO1,D2-BMO1,117.26,2.05,18/1/2024,8:00 AM,cerah berawan,23,9,T
BMO1,D2-BMO1,D2-BMO1,117.26,2.05,18/1/2024,11:00 AM,berawan,0,0,0
BMO1,D2-BMO1,D2-BMO1,117.26,2.05,18/1/2024,2:00 PM,berawan,0,0,0
BMO1,D2-BMO1,D2-BMO1,117.26,2.05,18/1/2024,5:00 PM,cerah berawan,0,0,0
BMO1,D2-BMO1,D2-BMO1,117.26,2.05,18/1/2024,8:00 PM,cerah berawan,32,0,0
BMO1,D2-BMO1,D2-BMO1,117.26,2.05,18/1/2024,11:00 PM,cerah berawan,0,0,0
BMO1,D2-BMO1,D2-BMO1,117.26,2.05,19/1/2024,2:00 AM,hujan ringan,0,0,0
BMO1,D2-BMO1,D2-BMO1,117.26,2.05,19/1/2024,5:00 AM,berawan,0,0,0
BMO1,D2-BMO1,D2-BMO1,117.26,2.05,19/1/2024,8:00 AM,berawan,24,8,T
BMO1,D2-BMO1,D2-BMO1,117.26,2.05,19/1/2024,11:00 AM,cerah berawan,0,0,0
BMO1,D2-BMO1,D2-BMO1,117.26,2.05,19/1/2024,2:00 PM,hujan ringan,0,0,0
BMO1,D2-BMO1,D2-BMO1,117.26,2.05,19/1/2024,5:00 PM,berawan,0,0,0
BMO1,D2-BMO1,D2-BMO1,117.26,2.05,19/1/2024,8:00 PM,hujan ringan,30,0,0
BMO1,D2-BMO1,D2-BMO1,117.26,2.05,19/1/2024,11:00 PM,berawan,0,0,0
BMO1,D2-BMO1,D2-BMO1,117.26,2.05,20/1/2024,2:00 AM,berawan,0,0,0
BMO1,D2-BMO1,D2-BMO1,117.26,2.05,20/1/2024,5:00 AM,berawan,0,0,0
BMO1,D2-BMO1,D2-BMO1,117.26,2.05,20/1/2024,8:00 AM,hujan ringan,24,5,S
BMO1,D2-BMO1,D2-BMO1,117.26,2.05,20/1/2024,11:00 AM,berawan,0,0,0
BMO1,D2-BMO1,D2-BMO1,117.26,2.05,20/1/2024,2:00 PM,berawan,0,0,0
BMO1,D2-BMO1,D2-BMO1,117.26,2.05,20/1/2024,5:00 PM,berawan,0,0,0
BMO1,D2-BMO1,D2-BMO1,117.26,2.05,20/1/2024,8:00 PM,berawan,30,0,0
BMO1,D2-BMO1,D2-BMO1,117.26,2.05,20/1/2024,11:00 PM,berawan,0,0,0
BMO1,D2-BMO1,D2-BMO1,117.26,2.05,21/1/2024,2:00 AM,berawan,0,0,0
BMO1,D2-BMO1,D2-BMO1,117.26,2.05,21/1/2024,5:00 AM,berawan,0,0,0
BMO1,D2-BMO1,D2-BMO1,117.26,2.05,21/1/2024,8:00 AM,berawan,24,8,TL
BMO1,D2-BMO1,D2-BMO1,117.26,2.05,21/1/2024,11:00 AM,hujan ringan,0,0,0
BMO1,D2-BMO1,D2-BMO1,117.26,2.05,21/1/2024,2:00 PM,berawan,0,0,0
BMO1,D2-BMO1,D2-BMO1,117.26,2.05,21/1/2024,5:00 PM,hujan sedang,0,0,0
BMO1,D2-BMO1,D2-BMO1,117.26,2.05,21/1/2024,8:00 PM,hujan ringan,30,0,0
BMO1,D2-BMO1,D2-BMO1,117.26,2.05,21/1/2024,11:00 PM,berawan,0,0,0
BMO1,D2-BMO1,D2-BMO1,117.26,2.05,22/1/2024,2:00 AM,berawan,0,0,0
BMO1,D2-BMO1,D2-BMO1,117.26,2.05,22/1/2024,5:00 AM,berawan,0,0,0
BMO1,D2-BMO1,D2-BMO1,117.26,2.05,22/1/2024,8:00 AM,cerah berawan,24,9,TL
BMO1,D2-BMO1,D2-BMO1,117.26,2.05,22/1/2024,11:00 AM,cerah berawan,0,0,0
BMO1,D2-BMO1,D2-BMO1,117.26,2.05,22/1/2024,2:00 PM,cerah berawan,0,0,0
BMO1,D2-BMO1,D2-BMO1,117.26,2.05,22/1/2024,5:00 PM,berawan,0,0,0
BMO1,D2-BMO1,D2-BMO1,117.26,2.05,22/1/2024,8:00 PM,hujan ringan,32,0,0
BMO1,D2-BMO1,D2-BMO1,117.26,2.05,22/1/2024,11:00 PM,berawan,0,0,0
